ID,Class,Enroll Count,Session,Meeting Days,Meeting Times,Room,Instructor
BMEN1300_001,Discover Biomedical Engineering,119,08/19/2024 - 12/13/2024,Tuesday Thursday,8:30AM to 9:20AM,NTDP K150,"Shi,Xiaodan"
BMEN1300_301,Discover Biomedical Engineering,20,08/19/2024 - 12/13/2024,Monday,5:30PM to 8:20PM,NTDP E225B,"Shi,Xiaodan"
BMEN1300_302,Discover Biomedical Engineering,20,08/19/2024 - 12/13/2024,Monday,11:30AM to 2:20PM,NTDP E225B,"Shi,Xiaodan"
BMEN1300_303,Discover Biomedical Engineering,20,08/19/2024 - 12/13/2024,Tuesday,9:30AM to 12:20PM,NTDP E225B,"Shi,Xiaodan"
BMEN1300_304,Discover Biomedical Engineering,20,08/19/2024 - 12/13/2024,Wednesday,8:30AM to 11:20AM,NTDP E225B,"Shi,Xiaodan"
BMEN1300_305,Discover Biomedical Engineering,20,08/19/2024 - 12/13/2024,Thursday,9:30AM to 12:20PM,NTDP E225B,"Shi,Xiaodan"
BMEN1300_306,Discover Biomedical Engineering,10,08/19/2024 - 12/13/2024,Friday,8:30AM to 11:20AM,NTDP E225B,"Shi,Xiaodan"
BMEN1300_307,Discover Biomedical Engineering,10,08/19/2024 - 12/13/2024,Saturday,8:30AM to 11:20AM,NTDP E225B,"Shi,Xiaodan"
BMEN2210_001,Biomedical Circuits and Data Acquisition Best Prac,63,08/19/2024 - 12/13/2024,Monday Wednesday,9:00AM to 9:50AM,NTDP B155,"Vaidyanathan,Vijay V"
BMEN2210_301,Biomedical Circuits and Data Acquisition Best Prac,24,08/19/2024 - 12/13/2024,Monday,10:30AM to 1:20PM,NTDP F242,"Vaidyanathan,Vijay V"
BMEN2210_302,Biomedical Circuits and Data Acquisition Best Prac,30,08/19/2024 - 12/13/2024,Tuesday,9:30AM to 12:20PM,NTDP F242,"Vaidyanathan,Vijay V"
BMEN2210_303,Biomedical Circuits and Data Acquisition Best Prac,9,08/19/2024 - 12/13/2024,Wednesday,10:30AM to 1:20PM,NTDP F242,"Vaidyanathan,Vijay V"
BMEN3310_001,Engineering Measurements from Human Systems,61,08/19/2024 - 12/13/2024,Monday Wednesday,10:30AM to 11:20AM,NTDP K110,"Shi,Xiaodan"
BMEN3310_301,Engineering Measurements from Human Systems,24,08/19/2024 - 12/13/2024,Monday,2:30PM to 5:20PM,NTDP E225B,"Shi,Xiaodan"
BMEN3310_302,Engineering Measurements from Human Systems,20,08/19/2024 - 12/13/2024,Tuesday,2:00PM to 4:50PM,NTDP E225B,"Shi,Xiaodan"
BMEN3310_303,Engineering Measurements from Human Systems,17,08/19/2024 - 12/13/2024,Thursday,2:00PM to 4:50PM,NTDP E225B,"Shi,Xiaodan"
BMEN3311_001,Biomedical Signal Analysis,63,08/19/2024 - 12/13/2024,Monday Wednesday,1:00PM to 1:50PM,NTDP K110,"Li,Lin"
BMEN3311_301,Biomedical Signal Analysis,40,08/19/2024 - 12/13/2024,Wednesday,2:00PM to 4:50PM,NTDP F242,"Li,Lin"
BMEN3311_302,Biomedical Signal Analysis,23,08/19/2024 - 12/13/2024,Thursday,9:30AM to 12:20PM,NTDP F242,"Li,Lin"
BMEN3350_001,Biomedical Transport Phenomena,59,08/19/2024 - 12/13/2024,Monday Wednesday,11:30AM to 12:50PM,NTDP K120,"Yang,Yong"
BMEN4007_001,Biomedical Experimental Design and Data Analysis,22,08/19/2024 - 12/13/2024,Tuesday Thursday,2:30PM to 3:50PM,NTDP B155,"Meckes,Brian Richard"
BMEN4200_001,Introduction to Biochemical Engineering,10,08/19/2024 - 12/13/2024,Tuesday Thursday,10:00AM to 11:20AM,NTDP E264,"Lee,Moo-yeal David"
BMEN4212_001,Senior Design I,50,08/19/2024 - 12/13/2024,Friday,9:30AM to 11:20AM,NTDP K120,"Shi,Xiaodan"
BMEN4212_302,Senior Design I,18,08/19/2024 - 12/13/2024,Wednesday,2:30PM to 5:20PM,NTDP K130,"Shi,Xiaodan"
BMEN4212_303,Senior Design I,16,08/19/2024 - 12/13/2024,Friday,5:30PM to 8:20PM,NTDP K130,"Shi,Xiaodan"
BMEN4212_305,Senior Design I,16,08/19/2024 - 12/13/2024,Monday,2:30PM to 5:20PM,NTDP K130,"Shi,Xiaodan"
BMEN4310_001,Biomedical Modeling,36,08/19/2024 - 12/13/2024,Tuesday Thursday,4:00PM to 4:50PM,NTDP K120,"Esmailie,Fateme"
BMEN4310_301,Biomedical Modeling,12,08/19/2024 - 12/13/2024,Wednesday,11:30AM to 2:20PM,NTDP E225B,"Esmailie,Fateme"
BMEN4310_302,Biomedical Modeling,12,08/19/2024 - 12/13/2024,Friday,2:30PM to 5:20PM,NTDP E225B,"Esmailie,Fateme"
BMEN4310_303,Biomedical Modeling,12,08/19/2024 - 12/13/2024,Friday,11:30AM to 2:20PM,NTDP E225B,"Esmailie,Fateme"
BMEN4312_001,FDA Regulations and Quality Control of Biomedical,18,08/19/2024 - 12/13/2024,Monday Wednesday,7:00PM to 8:20PM,CHEM  352,"Holliday,Denise Schuler"
BMEN4313_001,Cellular Engineering,10,08/19/2024 - 12/13/2024,Monday Wednesday,11:30AM to 12:50PM,NTDP K110,"Chan,Tsz yan clement"
BMEN4325_001,Biomedical Nanotechnology,18,08/19/2024 - 12/13/2024,Monday Wednesday,1:00PM to 2:20PM,NTDP E264,"Habibi,Neda"
BMEN5007_001,Research Methods in Biomedical Engineering,18,08/19/2024 - 12/13/2024,Tuesday Thursday,2:30PM to 3:50PM,NTDP B155,"Meckes,Brian Richard"
BMEN5007_601,Research Methods in Biomedical Engineering,2,08/19/2024 - 12/13/2024,Tuesday Thursday,2:30PM to 3:50PM,NTDP B155,"Meckes,Brian Richard"
BMEN5100_001,Standards and FDA Regulations,41,08/19/2024 - 12/13/2024,Monday Wednesday,7:00PM to 8:20PM,CHEM  352,"Holliday,Denise Schuler"
BMEN5100_601,Standards and FDA Regulations,4,08/19/2024 - 12/13/2024,Monday Wednesday,7:00PM to 8:20PM,CHEM  352,"Holliday,Denise Schuler"
BMEN5210_001,Biomedical Engineering Laboratory,40,08/19/2024 - 12/13/2024,Tuesday,12:00PM to 12:50PM,NTDP E265,"Yang,Huaxiao"
BMEN5210_301,Biomedical Engineering Laboratory,7,08/19/2024 - 12/13/2024,Monday,8:30AM to 11:20AM,NTDP E225C,"Yang,Huaxiao"
BMEN5210_303,Biomedical Engineering Laboratory,9,08/19/2024 - 12/13/2024,Thursday,5:30PM to 8:20PM,NTDP E225C,"Yang,Huaxiao"
BMEN5210_306,Biomedical Engineering Laboratory,9,08/19/2024 - 12/13/2024,Wednesday,2:00PM to 4:50PM,NTDP E225C,"Yang,Huaxiao"
BMEN5210_307,Biomedical Engineering Laboratory,6,08/19/2024 - 12/13/2024,Friday,2:30PM to 5:20PM,NTDP E225C,"Yang,Huaxiao"
BMEN5280_001,AI for Wearables and Healthcare,14,08/19/2024 - 12/13/2024,Tuesday Thursday,2:30PM to 3:50PM,NTDP D201,"Albert,Mark Vincent"
BMEN5313_001,Bioengineering of Cellular Systems,16,08/19/2024 - 12/13/2024,Monday Wednesday,11:30AM to 12:50PM,NTDP K110,"Chan,Tsz yan clement"
BMEN5313_601,Bioengineering of Cellular Systems,0,08/19/2024 - 12/13/2024,Monday Wednesday,11:30AM to 12:50PM,NTDP K110,"Chan,Tsz yan clement"
BMEN5315_001,Computational Methods in Biomedical Engineering,4,08/19/2024 - 12/13/2024,Tuesday Thursday,4:00PM to 4:50PM,NTDP K120,"Esmailie,Fateme"
BMEN5315_301,Computational Methods in Biomedical Engineering,4,08/19/2024 - 12/13/2024,Wednesday,5:30PM to 8:20PM,NTDP E225B,"Esmailie,Fateme"
BMEN5315_601,Computational Methods in Biomedical Engineering,0,08/19/2024 - 12/13/2024,Tuesday Thursday,4:00PM to 4:50PM,NTDP K120,"Esmailie,Fateme"
BMEN5315_602,Computational Methods in Biomedical Engineering,0,08/19/2024 - 12/13/2024,Wednesday,5:30PM to 8:20PM,NTDP E225B,"Esmailie,Fateme"
BMEN5316_001,Biopolymers and Flexible Bioelectronics,35,08/19/2024 - 12/13/2024,Tuesday Thursday,10:00AM to 11:20AM,NTDP B190,"Ecker,Melanie Jennifer susanne mary-jane"
BMEN5327_001,Immuno-engineering,26,08/19/2024 - 12/13/2024,Monday Wednesday,10:00AM to 11:20AM,NTDP K120,"Won,Youngwook"
BMEN5332_001,Soft Robotics in Biomedical Engineering,7,08/19/2024 - 12/13/2024,Friday,11:00AM to 1:50PM,NTDP B157,"Jafari,Amir"
BMEN5800_001,Topics in Biomedical Engineering,15,08/19/2024 - 12/13/2024,Friday,4:00PM to 6:40PM,Gab   527,"Raza,Asad"
BMEN5940_001,Biomedical Engineering Seminar,42,08/19/2024 - 12/13/2024,Thursday,11:30AM to 12:20PM,NTDP E265,"Yang,Huaxiao, "
BMEN6920_001,Instructional Service Component,3,08/19/2024 - 12/13/2024,Monday Wednesday,4:00PM to 5:20PM,NTDP D207B,"Vaidyanathan,Vijay V"
BMEN6940_001,Biomedical Engineering Doctoral Seminar,8,08/19/2024 - 12/13/2024,Thursday,11:30AM to 12:20PM,NTDP E265,"Yang,Huaxiao, "
CSCE1010_001,Discovering Computer Science,76,08/19/2024 - 12/13/2024,Tuesday Thursday,9:30AM to 10:50AM,CHEM  352,"Borge Flores,Rubenia Borge"
CSCE1010_002,Discovering Computer Science,104,08/19/2024 - 12/13/2024,Monday Wednesday,5:00PM to 6:20PM,BLB   070,"Borge Flores,Rubenia Borge"
CSCE1010_003,Discovering Computer Science,103,08/19/2024 - 12/13/2024,Monday Friday,8:00AM to 9:20AM,BLB   155,"Borge Flores,Rubenia Borge"
CSCE1010_004,Discovering Computer Science,131,08/19/2024 - 12/13/2024,Monday Wednesday,3:30PM to 4:50PM,Env   125,"Borge Flores,Rubenia Borge"
CSCE1010_005,Discovering Computer Science,80,08/19/2024 - 12/13/2024,Tuesday Thursday,4:00PM to 5:20PM,NTDP E265,"Keathly,David Mark"
CSCE1010_006,Discovering Computer Science,80,08/19/2024 - 12/13/2024,Monday Wednesday,8:30AM to 9:50AM,NTDP E265,"Keathly,David Mark"
CSCE1010_007,Discovering Computer Science,125,08/19/2024 - 12/13/2024,Tuesday Thursday,2:00PM to 3:20PM,Wh    122,"Borge Flores,Rubenia Borge"
CSCE1010_306,Discovering Computer Science,27,08/19/2024 - 12/13/2024,Thursday,12:30PM to 2:50PM,NTDP F242,"Borge Flores,Rubenia Borge"
CSCE1010_307,Discovering Computer Science,20,08/19/2024 - 12/13/2024,Tuesday,11:30AM to 2:20PM,NTDP F236,"Borge Flores,Rubenia Borge"
CSCE1010_308,Discovering Computer Science,38,08/19/2024 - 12/13/2024,Monday,12:30PM to 3:20PM,NTDP F218,"Borge Flores,Rubenia Borge"
CSCE1010_309,Discovering Computer Science,27,08/19/2024 - 12/13/2024,Friday,12:30PM to 3:20PM,NTDP F242,"Borge Flores,Rubenia Borge"
CSCE1010_310,Discovering Computer Science,21,08/19/2024 - 12/13/2024,Monday,9:30AM to 12:20PM,NTDP F210,"Borge Flores,Rubenia Borge"
CSCE1010_311,Discovering Computer Science,56,08/19/2024 - 12/13/2024,Friday,2:30PM to 5:20PM,NTDP B142,"Borge Flores,Rubenia Borge"
CSCE1010_312,Discovering Computer Science,29,08/19/2024 - 12/13/2024,Wednesday,8:30AM to 11:20AM,NTDP F222,"Borge Flores,Rubenia Borge"
CSCE1010_313,Discovering Computer Science,39,08/19/2024 - 12/13/2024,Tuesday,9:30AM to 12:20PM,NTDP B140,"Borge Flores,Rubenia Borge"
CSCE1010_314,Discovering Computer Science,26,08/19/2024 - 12/13/2024,Thursday,9:30AM to 12:20PM,NTDP B140,"Borge Flores,Rubenia Borge"
CSCE1010_315,Discovering Computer Science,42,08/19/2024 - 12/13/2024,Monday,9:30AM to 12:20PM,NTDP F270,"Borge Flores,Rubenia Borge"
CSCE1010_316,Discovering Computer Science,44,08/19/2024 - 12/13/2024,Thursday,8:30AM to 11:20AM,NTDP F243,"Borge Flores,Rubenia Borge"
CSCE1010_317,Discovering Computer Science,21,08/19/2024 - 12/13/2024,Tuesday,8:30AM to 11:20AM,NTDP F210,"Keathly,David Mark"
CSCE1010_318,Discovering Computer Science,40,08/19/2024 - 12/13/2024,Wednesday,2:30PM to 5:20PM,NTDP F270,"Keathly,David Mark"
CSCE1010_319,Discovering Computer Science,45,08/19/2024 - 12/13/2024,Thursday,5:30PM to 8:20PM,NTDP F222,"Borge Flores,Rubenia Borge"
CSCE1010_320,Discovering Computer Science,19,08/19/2024 - 12/13/2024,Friday,2:30PM to 5:20PM,NTDP F270,"Keathly,David Mark"
CSCE1010_321,Discovering Computer Science,12,08/19/2024 - 12/13/2024,Thursday,2:30PM to 5:20PM,NTDP F210,"Keathly,David Mark"
CSCE1010_322,Discovering Computer Science,24,08/19/2024 - 12/13/2024,Monday,2:30PM to 5:20PM,NTDP F210,"Keathly,David Mark"
CSCE1010_323,Discovering Computer Science,44,08/19/2024 - 12/13/2024,Friday,8:30AM to 11:20AM,NTDP F222,"Keathly,David Mark"
CSCE1010_325,Discovering Computer Science,24,08/19/2024 - 12/13/2024,Wednesday,8:30AM to 11:20AM,NTDP F210,"Borge Flores,Rubenia Borge"
CSCE1010_326,Discovering Computer Science,45,08/19/2024 - 12/13/2024,Tuesday,5:30PM to 8:20PM,NTDP F222,"Borge Flores,Rubenia Borge"
CSCE1010_327,Discovering Computer Science,56,08/19/2024 - 12/13/2024,Friday,8:30AM to 11:20AM,NTDP B140,"Borge Flores,Rubenia Borge"
CSCE1030_001,Computer Science I,120,08/19/2024 - 12/13/2024,Monday Wednesday,4:00PM to 5:20PM,Wh    122,"Shrestha,Pradhumna Lal"
CSCE1030_002,Computer Science I,118,08/19/2024 - 12/13/2024,Monday Wednesday,2:30PM to 3:50PM,Phys  102,"Maharjan,Amar"
CSCE1030_003,Computer Science I,87,08/19/2024 - 12/13/2024,Wednesday,5:30PM to 8:20PM,Env   110,"Maharjan,Amar"
CSCE1030_004,Computer Science I,98,08/19/2024 - 12/13/2024,Monday Wednesday,2:00PM to 3:20PM,LIFE A204,"Shrestha,Pradhumna Lal"
CSCE1030_332,Computer Science I,27,08/19/2024 - 12/13/2024,Monday,8:30AM to 11:20AM,NTDP F218,"Shrestha,Pradhumna Lal"
CSCE1030_333,Computer Science I,28,08/19/2024 - 12/13/2024,Friday,2:30PM to 5:20PM,NTDP F218,"Maharjan,Amar"
CSCE1030_334,Computer Science I,36,08/19/2024 - 12/13/2024,Friday,2:30PM to 5:20PM,NTDP F222,"Maharjan,Amar"
CSCE1030_335,Computer Science I,33,08/19/2024 - 12/13/2024,Monday,11:30AM to 2:20PM,NTDP F222,"Shrestha,Pradhumna Lal"
CSCE1030_336,Computer Science I,39,08/19/2024 - 12/13/2024,Wednesday,11:30AM to 2:20PM,NTDP F222,"Shrestha,Pradhumna Lal"
CSCE1030_337,Computer Science I,24,08/19/2024 - 12/13/2024,Monday,5:30PM to 8:20PM,NTDP F222,"Maharjan,Amar"
CSCE1030_338,Computer Science I,30,08/19/2024 - 12/13/2024,Wednesday,5:30PM to 8:20PM,NTDP F222,"Maharjan,Amar"
CSCE1030_339,Computer Science I,21,08/19/2024 - 12/13/2024,Monday,11:30AM to 2:20PM,NTDP F236,"Shrestha,Pradhumna Lal"
CSCE1030_340,Computer Science I,18,08/19/2024 - 12/13/2024,Tuesday,8:30AM to 11:20AM,NTDP F223,"Maharjan,Amar"
CSCE1030_341,Computer Science I,28,08/19/2024 - 12/13/2024,Tuesday,2:30PM to 5:20PM,NTDP F218,"Maharjan,Amar"
CSCE1030_342,Computer Science I,22,08/19/2024 - 12/13/2024,Thursday,2:30PM to 5:20PM,NTDP F218,"Maharjan,Amar"
CSCE1030_343,Computer Science I,19,08/19/2024 - 12/13/2024,Tuesday,11:30AM to 2:20PM,NTDP F218,"Maharjan,Amar"
CSCE1030_344,Computer Science I,36,08/19/2024 - 12/13/2024,Tuesday,11:30AM to 2:20PM,NTDP F222,"Shrestha,Pradhumna Lal"
CSCE1030_345,Computer Science I,28,08/19/2024 - 12/13/2024,Thursday,11:30AM to 2:20PM,NTDP F218,"Shrestha,Pradhumna Lal"
CSCE1030_347,Computer Science I,13,08/19/2024 - 12/13/2024,Thursday,2:30PM to 5:20PM,NTDP F243,"Shrestha,Pradhumna Lal"
CSCE1030_348,Computer Science I,21,08/19/2024 - 12/13/2024,Thursday,2:30PM to 5:20PM,NTDP F223,"Shrestha,Pradhumna Lal"
CSCE1040_001,Computer Science II,117,08/19/2024 - 12/13/2024,Tuesday Thursday,1:00PM to 2:20PM,Wh    222,"Mosquera Ferrandiz,Fernando"
CSCE1040_002,Computer Science II,85,08/19/2024 - 12/13/2024,Tuesday Thursday,2:30PM to 3:50PM,Phys  102,"Mosquera Ferrandiz,Fernando"
CSCE1040_309,Computer Science II,15,08/19/2024 - 12/13/2024,Tuesday,8:30AM to 11:20AM,NTDP F222,"Mosquera Ferrandiz,Fernando"
CSCE1040_310,Computer Science II,27,08/19/2024 - 12/13/2024,Thursday,2:30PM to 5:20PM,NTDP F222,"Mosquera Ferrandiz,Fernando"
CSCE1040_311,Computer Science II,37,08/19/2024 - 12/13/2024,Wednesday,2:30PM to 5:20PM,NTDP F218,"Mosquera Ferrandiz,Fernando"
CSCE1040_312,Computer Science II,30,08/19/2024 - 12/13/2024,Tuesday,2:30PM to 5:20PM,NTDP F222,"Mosquera Ferrandiz,Fernando"
CSCE1040_313,Computer Science II,23,08/19/2024 - 12/13/2024,Monday,2:30PM to 5:20PM,NTDP F222,"Mosquera Ferrandiz,Fernando"
CSCE1040_314,Computer Science II,37,08/19/2024 - 12/13/2024,Friday,11:30AM to 2:20PM,NTDP F222,"Mosquera Ferrandiz,Fernando"
CSCE1040_315,Computer Science II,30,08/19/2024 - 12/13/2024,Thursday,11:30AM to 2:20PM,NTDP F222,"Mosquera Ferrandiz,Fernando"
CSCE1040_316,Computer Science II,3,08/19/2024 - 12/13/2024,Monday,8:30AM to 11:20AM,NTDP F222,"Mosquera Ferrandiz,Fernando"
CSCE2100_001,Foundations of Computing,64,08/19/2024 - 12/13/2024,Tuesday Thursday,8:30AM to 9:50AM,NTDP E265,"Wang,Wenting"
CSCE2100_002,Foundations of Computing,79,08/19/2024 - 12/13/2024,Monday Wednesday,4:00PM to 5:20PM,NTDP E264,"Wang,Wenting"
CSCE2100_003,Foundations of Computing,80,08/19/2024 - 12/13/2024,Monday Wednesday,2:30PM to 3:50PM,NTDP E264,"Chambers,Curtis"
CSCE2100_004,Foundations of Computing,29,08/19/2024 - 12/13/2024,Tuesday Thursday,10:00AM to 11:20AM,NTDP K110,"Chambers,Curtis"
CSCE2100_214,Foundations of Computing,20,08/19/2024 - 12/13/2024,Tuesday,9:30AM to 10:20AM,NTDP F243,"Wang,Wenting"
CSCE2100_215,Foundations of Computing,27,08/19/2024 - 12/13/2024,Wednesday,2:30PM to 3:20PM,NTDP F243,"Wang,Wenting"
CSCE2100_216,Foundations of Computing,25,08/19/2024 - 12/13/2024,Friday,1:30PM to 2:20PM,NTDP F218,"Chambers,Curtis"
CSCE2100_217,Foundations of Computing,29,08/19/2024 - 12/13/2024,Thursday,9:30AM to 10:20AM,NTDP F218,"Chambers,Curtis"
CSCE2100_218,Foundations of Computing,28,08/19/2024 - 12/13/2024,Friday,11:30AM to 12:20PM,NTDP F243,"Wang,Wenting"
CSCE2100_219,Foundations of Computing,31,08/19/2024 - 12/13/2024,Monday,1:30PM to 2:20PM,NTDP F243,"Wang,Wenting"
CSCE2100_222,Foundations of Computing,16,08/19/2024 - 12/13/2024,Friday,2:30PM to 3:20PM,NTDP F243,"Wang,Wenting"
CSCE2100_223,Foundations of Computing,21,08/19/2024 - 12/13/2024,Friday,8:30AM to 9:20AM,NTDP F218,"Wang,Wenting"
CSCE2100_224,Foundations of Computing,26,08/19/2024 - 12/13/2024,Friday,9:30AM to 10:20AM,NTDP F218,"Chambers,Curtis"
CSCE2100_225,Foundations of Computing,10,08/19/2024 - 12/13/2024,Wednesday,12:30PM to 1:20PM,NTDP F218,"Chambers,Curtis"
CSCE2100_226,Foundations of Computing,16,08/19/2024 - 12/13/2024,Tuesday,1:30PM to 2:20PM,NTDP F243,"Chambers,Curtis"
CSCE2100_227,Foundations of Computing,3,08/19/2024 - 12/13/2024,Tuesday,4:30PM to 5:20PM,NTDP F243,"Chambers,Curtis"
CSCE2110_001,Foundations of Data Structures,118,08/19/2024 - 12/13/2024,Monday Wednesday,10:00AM to 11:20AM,NTDP B155,"Chambers,Curtis"
CSCE2110_002,Foundations of Data Structures,118,08/19/2024 - 12/13/2024,Monday Wednesday,1:00PM to 2:20PM,NTDP B155,"Chambers,Curtis"
CSCE2110_003,Foundations of Data Structures,25,08/19/2024 - 12/13/2024,Tuesday Thursday,8:30AM to 9:50AM,NTDP E264,"Chambers,Curtis"
CSCE2110_210,Foundations of Data Structures,30,08/19/2024 - 12/13/2024,Friday,12:30PM to 1:20PM,NTDP F223,"Chambers,Curtis"
CSCE2110_211,Foundations of Data Structures,36,08/19/2024 - 12/13/2024,Wednesday,11:30AM to 12:20PM,NTDP F270,"Chambers,Curtis"
CSCE2110_212,Foundations of Data Structures,36,08/19/2024 - 12/13/2024,Tuesday,9:30AM to 10:20AM,NTDP F218,"Chambers,Curtis"
CSCE2110_213,Foundations of Data Structures,25,08/19/2024 - 12/13/2024,Thursday,9:30AM to 10:20AM,NTDP F223,"Chambers,Curtis"
CSCE2110_214,Foundations of Data Structures,20,08/19/2024 - 12/13/2024,Friday,12:30PM to 1:20PM,NTDP F270,"Chambers,Curtis"
CSCE2110_215,Foundations of Data Structures,37,08/19/2024 - 12/13/2024,Wednesday,11:30AM to 12:20PM,NTDP F243,"Chambers,Curtis"
CSCE2110_216,Foundations of Data Structures,32,08/19/2024 - 12/13/2024,Wednesday,2:30PM to 3:20PM,NTDP F223,"Chambers,Curtis"
CSCE2110_217,Foundations of Data Structures,20,08/19/2024 - 12/13/2024,Monday,9:30AM to 10:20AM,NTDP F223,"Chambers,Curtis"
CSCE2110_218,Foundations of Data Structures,6,08/19/2024 - 12/13/2024,Wednesday,2:30PM to 3:20PM,NTDP F222,"Chambers,Curtis"
CSCE2110_219,Foundations of Data Structures,9,08/19/2024 - 12/13/2024,Thursday,1:30PM to 2:20PM,NTDP F270,"Chambers,Curtis"
CSCE2110_220,Foundations of Data Structures,10,08/19/2024 - 12/13/2024,Tuesday,10:30AM to 11:20AM,NTDP F218,"Chambers,Curtis"
CSCE2610_001,Assembly Language and Computer Organization,75,08/19/2024 - 12/13/2024,Tuesday Thursday,10:00AM to 11:20AM,NTDP E266,"Pottathuparambil,Robin Jacob"
CSCE2610_002,Assembly Language and Computer Organization,58,08/19/2024 - 12/13/2024,Tuesday Thursday,1:00PM to 2:20PM,NTDP B155,"Pottathuparambil,Robin Jacob"
CSCE2610_204,Assembly Language and Computer Organization,23,08/19/2024 - 12/13/2024,Monday,1:30PM to 2:20PM,NTDP F270,"Pottathuparambil,Robin Jacob"
CSCE2610_205,Assembly Language and Computer Organization,24,08/19/2024 - 12/13/2024,Thursday,5:30PM to 6:50PM,NTDP F270,"Pottathuparambil,Robin Jacob"
CSCE2610_206,Assembly Language and Computer Organization,30,08/19/2024 - 12/13/2024,Tuesday,2:30PM to 3:20PM,NTDP F270,"Pottathuparambil,Robin Jacob"
CSCE2610_207,Assembly Language and Computer Organization,11,08/19/2024 - 12/13/2024,Tuesday,10:00AM to 11:20AM,NTDP F236,"Pottathuparambil,Robin Jacob"
CSCE2610_208,Assembly Language and Computer Organization,34,08/19/2024 - 12/13/2024,Thursday,2:30PM to 3:20PM,NTDP F270,"Pottathuparambil,Robin Jacob"
CSCE2610_210,Assembly Language and Computer Organization,11,08/19/2024 - 12/13/2024,Monday,5:30PM to 6:20PM,NTDP F270,"Pottathuparambil,Robin Jacob"
CSCE3010_001,Signals and Systems,36,08/19/2024 - 12/13/2024,Monday Wednesday,7:00PM to 8:20PM,NTDP K110,"Ali,Syed"
CSCE3055_001,IT Project Management,13,08/19/2024 - 12/13/2024,Monday Wednesday,1:30PM to 2:50PM,NTDP B140,"Gooranorimi,Hadiseh"
CSCE3110_001,Data Structures and Algorithms,68,08/19/2024 - 12/13/2024,Monday Wednesday,9:00AM to 10:20AM,NTDP K110,"Wang,Wenting"
CSCE3110_002,Data Structures and Algorithms,26,08/19/2024 - 12/13/2024,Tuesday,1:30PM to 4:20PM,NTDP F223,"Parupudi,Satya vrvt"
CSCE3420_001,Internet Programming,14,08/19/2024 - 12/13/2024,Tuesday,5:30PM to 8:20PM,NTDP K110,"Khalil,Saqib"
CSCE3444_001,Software Engineering,65,08/19/2024 - 12/13/2024,Tuesday Thursday,1:00PM to 2:20PM,NTDP E266,"Doran,Jonathon"
CSCE3444_002,Software Engineering,60,08/19/2024 - 12/13/2024,Friday,2:30PM to 5:20PM,BLB   005,"Gooranorimi,Hadiseh"
CSCE3444_003,Software Engineering,69,08/19/2024 - 12/13/2024,Tuesday Thursday,10:00AM to 11:20AM,NTDP K120,"Doran,Jonathon"
CSCE3530_001,Introduction to Computer Networks,60,08/19/2024 - 12/13/2024,Tuesday Thursday,8:30AM to 9:50AM,NTDP E266,"Mosquera Ferrandiz,Fernando"
CSCE3530_003,Introduction to Computer Networks,10,08/19/2024 - 12/13/2024,Monday Wednesday,1:00PM to 2:20PM,NTDP F223,"Shastri,Supreeth"
CSCE3550_001,Foundations of Cybersecurity,80,08/19/2024 - 12/13/2024,Thursday,5:30PM to 8:20PM,NTDP E264,"Hochstetler,Jacob"
CSCE3550_002,Foundations of Cybersecurity,52,08/19/2024 - 12/13/2024,Friday,2:30PM to 5:20PM,NTDP B140,"Frenzel,Ervin H"
CSCE3550_003,Foundations of Cybersecurity,45,08/19/2024 - 12/13/2024,Wednesday,5:30PM to 8:20PM,NTDP F218,"Hochstetler,Jacob"
CSCE3550_201,Foundations of Cybersecurity,22,08/19/2024 - 12/13/2024,Tuesday,5:30PM to 6:20PM,NTDP F236,"Hochstetler,Jacob"
CSCE3550_203,Foundations of Cybersecurity,22,08/19/2024 - 12/13/2024,Wednesday,12:30PM to 1:20PM,NTDP F236,"Hochstetler,Jacob"
CSCE3550_204,Foundations of Cybersecurity,8,08/19/2024 - 12/13/2024,Tuesday,3:00PM to 3:50PM,NTDP F236,"Hochstetler,Jacob"
CSCE3550_206,Foundations of Cybersecurity,28,08/19/2024 - 12/13/2024,Thursday,3:00PM to 3:50PM,NTDP F242,"Hochstetler,Jacob"
CSCE3550_207,Foundations of Cybersecurity,33,08/19/2024 - 12/13/2024,Tuesday,3:00PM to 3:50PM,NTDP F243,"Frenzel,Ervin H"
CSCE3550_208,Foundations of Cybersecurity,19,08/19/2024 - 12/13/2024,Thursday,5:30PM to 6:20PM,NTDP F236,"Frenzel,Ervin H"
CSCE3550_209,Foundations of Cybersecurity,13,08/19/2024 - 12/13/2024,Thursday,8:30AM to 9:20AM,NTDP F210,"Hochstetler,Jacob"
CSCE3550_210,Foundations of Cybersecurity,32,08/19/2024 - 12/13/2024,Wednesday,4:30PM to 5:20PM,NTDP F243,"Hochstetler,Jacob"
CSCE3600_001,Principles of Systems Programming,48,08/19/2024 - 12/13/2024,Monday Wednesday,10:00AM to 11:20AM,NTDP B190,"Parupudi,Satya vrvt"
CSCE3600_002,Principles of Systems Programming,56,08/19/2024 - 12/13/2024,Monday Wednesday,8:30AM to 9:50AM,NTDP D201,"Parupudi,Satya vrvt"
CSCE3600_003,Principles of Systems Programming,65,08/19/2024 - 12/13/2024,Tuesday Thursday,8:30PM to 9:50PM,NTDP K110,"James,Gary Thomas"
CSCE3600_004,Principles of Systems Programming,56,08/19/2024 - 12/13/2024,Monday,5:30PM to 8:20PM,NTDP D201,"Parupudi,Satya vrvt"
CSCE3600_208,Principles of Systems Programming,32,08/19/2024 - 12/13/2024,Monday,4:30PM to 5:20PM,NTDP F223,"Parupudi,Satya vrvt"
CSCE3600_209,Principles of Systems Programming,20,08/19/2024 - 12/13/2024,Friday,11:30AM to 12:20PM,NTDP B142,"Parupudi,Satya vrvt"
CSCE3600_210,Principles of Systems Programming,28,08/19/2024 - 12/13/2024,Monday,9:00AM to 9:50AM,NTDP F243,"Parupudi,Satya vrvt"
CSCE3600_211,Principles of Systems Programming,31,08/19/2024 - 12/13/2024,Monday,11:30AM to 12:20PM,NTDP F223,"Parupudi,Satya vrvt"
CSCE3600_212,Principles of Systems Programming,25,08/19/2024 - 12/13/2024,Wednesday,12:30PM to 1:20PM,NTDP B142,"Parupudi,Satya vrvt"
CSCE3600_213,Principles of Systems Programming,39,08/19/2024 - 12/13/2024,Wednesday,11:30AM to 12:20PM,NTDP B142,"James,Gary Thomas"
CSCE3600_214,Principles of Systems Programming,24,08/19/2024 - 12/13/2024,Friday,9:30AM to 10:20AM,NTDP F210,"Parupudi,Satya vrvt"
CSCE3600_215,Principles of Systems Programming,26,08/19/2024 - 12/13/2024,Friday,11:30AM to 12:20PM,NTDP F270,"James,Gary Thomas"
CSCE3615_001,Enterprise Systems Architecture and Design,26,08/19/2024 - 12/13/2024,Monday Wednesday,10:00AM to 11:20AM,NTDP B140,"Keathly,David Mark"
CSCE3730_001,Reconfigurable Logic,45,08/19/2024 - 12/13/2024,Monday Wednesday,5:30PM to 6:50PM,NTDP K110,"Pottathuparambil,Robin Jacob"
CSCE3730_201,Reconfigurable Logic,31,08/19/2024 - 12/13/2024,Monday,4:30PM to 5:20PM,NTDP F243,"Pottathuparambil,Robin Jacob"
CSCE3730_202,Reconfigurable Logic,14,08/19/2024 - 12/13/2024,Monday,2:30PM to 3:20PM,NTDP F243,"Pottathuparambil,Robin Jacob"
CSCE4010_001,Social Issues in Computing,50,08/19/2024 - 12/13/2024,Tuesday Thursday,10:00AM to 11:20AM,NTDP E265,"Eldow,Moawia"
CSCE4010_003,Social Issues in Computing,53,08/19/2024 - 12/13/2024,Tuesday Thursday,1:00PM to 2:20PM,NTDP D201,"Eldow,Moawia"
CSCE4110_001,Algorithms,80,08/19/2024 - 12/13/2024,Tuesday Thursday,1:00PM to 2:20PM,NTDP E264,"Mokarram dorri,Bahareh"
CSCE4110_002,Algorithms,68,08/19/2024 - 12/13/2024,Tuesday Thursday,2:30PM to 3:50PM,NTDP K110,"Mokarram dorri,Bahareh"
CSCE4115_001,"Formal Languages, Automata, and Computability",56,08/19/2024 - 12/13/2024,Monday Wednesday,2:30PM to 3:50PM,NTDP D201,"Mokarram dorri,Bahareh"
CSCE4200_001,Web Search and Information Retrieval,8,08/19/2024 - 12/13/2024,Friday,10:00AM to 12:50PM,NTDP K150,"Wang,Haili"
CSCE4205_001,Introduction to Machine Learning,24,08/19/2024 - 12/13/2024,Tuesday Thursday,10:00AM to 11:20AM,NTDP K150,"Cui,Xinrui"
CSCE4210_001,Game Programming I,44,08/19/2024 - 12/13/2024,Monday,7:00PM to 8:50PM,NTDP E265,"Doran,Jonathon"
CSCE4210_201,Game Programming I,25,08/19/2024 - 12/13/2024,Wednesday,5:30PM to 6:20PM,NTDP F204,"Doran,Jonathon"
CSCE4210_202,Game Programming I,4,08/19/2024 - 12/13/2024,Thursday,5:30PM to 6:20PM,NTDP F204,"Doran,Jonathon"
CSCE4210_204,Game Programming I,15,08/19/2024 - 12/13/2024,Tuesday,5:30PM to 6:20PM,NTDP F204,"Doran,Jonathon"
CSCE4255_001,Programming Math and Physics for Games,10,08/19/2024 - 12/13/2024,Tuesday Thursday,8:30AM to 9:50AM,NTDP F204,"Doran,Jonathon"
CSCE4290_001,Introduction to Natural Language Processing,10,08/19/2024 - 12/13/2024,Friday,2:30PM to 5:20PM,NTDP D201,"Hartmann,Frederik"
CSCE4350_001,Fundamentals of Database Systems,54,08/19/2024 - 12/13/2024,Friday,11:30AM to 2:20PM,NTDP K120,"Smith,Steven Winfield"
CSCE4430_001,Programming Languages,68,08/19/2024 - 12/13/2024,Monday Wednesday,2:30PM to 3:50PM,NTDP K110,"Murali,Beddhu"
CSCE4520_001,Wireless Networks and Protocols,8,08/19/2024 - 12/13/2024,Tuesday Thursday,11:30AM to 12:50PM,NTDP K120,"Yang,Qing"
CSCE4555_001,Computer Forensics,25,08/19/2024 - 12/13/2024,Friday,8:30AM to 11:20AM,NTDP B155,"Frenzel,Ervin H"
CSCE4555_201,Computer Forensics,17,08/19/2024 - 12/13/2024,Friday,12:00PM to 12:50PM,NTDP F210,"Frenzel,Ervin H"
CSCE4555_202,Computer Forensics,4,08/19/2024 - 12/13/2024,Thursday,12:00PM to 12:50PM,NTDP F210,"Frenzel,Ervin H"
CSCE4555_203,Computer Forensics,2,08/19/2024 - 12/13/2024,Thursday,1:00PM to 1:50PM,NTDP F210,"Frenzel,Ervin H"
CSCE4555_204,Computer Forensics,2,08/19/2024 - 12/13/2024,Friday,1:00PM to 1:50PM,NTDP F210,"Frenzel,Ervin H"
CSCE4560_001,Secure Electronic Commerce,20,08/19/2024 - 12/13/2024,Monday Wednesday,10:00AM to 11:20AM,NTDP D201,"Zarafshani,Ali"
CSCE4565_001,Secure Software Development,11,08/19/2024 - 12/13/2024,Tuesday,5:30PM to 8:20PM,NTDP B155,"Ben othmane,Lotfi"
CSCE4565_003,Secure Software Development,8,08/19/2024 - 12/13/2024,Wednesday,8:30AM to 11:20AM,NTDP F243,"Ben othmane,Lotfi"
CSCE4565_201,Secure Software Development,0,08/19/2024 - 12/13/2024,Wednesday,12:00PM to 12:50PM,NTDP F210,"Ben othmane,Lotfi"
CSCE4565_202,Secure Software Development,11,08/19/2024 - 12/13/2024,Tuesday,12:00PM to 12:50PM,NTDP F210,"Ben othmane,Lotfi"
CSCE4565_203,Secure Software Development,0,08/19/2024 - 12/13/2024,Wednesday,1:00PM to 1:50PM,NTDP F210,"Ben othmane,Lotfi"
CSCE4565_204,Secure Software Development,1,08/19/2024 - 12/13/2024,Tuesday,1:00PM to 1:50PM,NTDP F210,"Ben othmane,Lotfi"
CSCE4565_205,Secure Software Development,0,08/19/2024 - 12/13/2024,Tuesday,2:00PM to 2:50PM,NTDP F210,"Ben othmane,Lotfi"
CSCE4565_206,Secure Software Development,7,08/19/2024 - 12/13/2024,Wednesday,2:00PM to 2:50PM,NTDP F210,"Ben othmane,Lotfi"
CSCE4570_001,Information Privacy,10,08/19/2024 - 12/13/2024,Tuesday,2:30PM to 5:20PM,NTDP B142,"Frenzel,Ervin H"
CSCE4575_001,Blockchain and Applications,26,08/19/2024 - 12/13/2024,Monday,5:30PM to 8:20PM,NTDP B155,"Murali,Beddhu"
CSCE4575_201,Blockchain and Applications,2,08/19/2024 - 12/13/2024,Monday,3:00PM to 3:50PM,NTDP F236,"Murali,Beddhu"
CSCE4575_202,Blockchain and Applications,24,08/19/2024 - 12/13/2024,Monday,4:00PM to 4:50PM,NTDP F236,"Murali,Beddhu"
CSCE4575_203,Blockchain and Applications,0,08/19/2024 - 12/13/2024,Monday,12:30PM to 1:20PM,NTDP F270,"Murali,Beddhu"
CSCE4620_001,Real-Time Operating Systems,5,08/19/2024 - 12/13/2024,Tuesday Thursday,2:30PM to 3:50PM,NTDP E265,"Jiang,Beilei"
CSCE4730_001,VLSI Design,5,08/19/2024 - 12/13/2024,Monday Wednesday,4:00PM to 5:20PM,NTDP D201,"Mohanty,Saraju"
CSCE4810_001,Bioinformatics Algorithms,0,08/19/2024 - 12/13/2024,Monday Wednesday,10:00AM to 11:20AM,NTDP  D207A,"Al Olaimat,Mohammad"
CSCE4810_301,Bioinformatics Algorithms,0,08/19/2024 - 12/13/2024,Monday Wednesday,12:00PM to 12:50PM,NTDP D209A,"Al Olaimat,Mohammad"
CSCE4901_001,Software Development Capstone I,79,08/19/2024 - 12/13/2024,Tuesday Thursday,11:30AM to 12:50PM,NTDP E264,"Ludi,Stephanie Ann"
CSCE4901_002,Software Development Capstone I,87,08/19/2024 - 12/13/2024,Tuesday Thursday,8:30AM to 9:50AM,NTDP K120,"Aljedaani Sr.,Wajdi Mohammed"
CSCE4901_003,Software Development Capstone I,42,08/19/2024 - 12/13/2024,Tuesday Thursday,10:00AM to 11:20AM,NTDP F260,"Aljedaani Sr.,Wajdi Mohammed"
CSCE4905_001,Information Technology Capstone I,39,08/19/2024 - 12/13/2024,Monday Wednesday,2:30PM to 3:50PM,NTDP F260,"Keathly,David Mark"
CSCE4907_002,Cybersecurity Capstone I,26,08/19/2024 - 12/13/2024,Tuesday Thursday,1:00PM to 2:20PM,NTDP F260,"Shrestha,Pradhumna Lal"
CSCE4910_001,Computer Engineering Design I,18,08/19/2024 - 12/13/2024,Tuesday Thursday,4:00PM to 5:20PM,NTDP F260,"Pottathuparambil,Robin Jacob"
CSCE4910_003,Computer Engineering Design I,12,08/19/2024 - 12/13/2024,Tuesday Thursday,2:30PM to 3:50PM,NTDP F260,"Shrestha,Pradhumna Lal"
CSCE5150_001,Analysis of Computer Algorithms,89,08/19/2024 - 12/13/2024,Tuesday,2:30PM to 5:20PM,NTDP K150,"Li,Yuan"
CSCE5150_002,Analysis of Computer Algorithms,65,08/19/2024 - 12/13/2024,Monday,5:30PM to 8:20PM,NTDP K120,"Wang,Haili"
CSCE5150_003,Analysis of Computer Algorithms,87,08/19/2024 - 12/13/2024,Saturday,11:30AM to 2:20PM,NTDP B155,"Li,Yuan"
CSCE5150_004,Analysis of Computer Algorithms,18,08/19/2024 - 12/13/2024,Friday,11:30AM to 2:20PM,NTDP B155,"Wang,Wenting"
CSCE5150_005,Analysis of Computer Algorithms,82,08/19/2024 - 12/13/2024,Wednesday,2:30PM to 5:20PM,NTDP B155,"Li,Yuan"
CSCE5150_006,Analysis of Computer Algorithms,74,08/19/2024 - 12/13/2024,Monday,5:30PM to 8:20PM,NTDP E264,"Bhowmick,Sanjukta"
CSCE5200_001,Information Retrieval and Web Search,70,08/19/2024 - 12/13/2024,Friday,10:00AM to 12:50PM,NTDP K150,"Wang,Haili"
CSCE5200_002,Information Retrieval and Web Search,75,08/19/2024 - 12/13/2024,Thursday,8:30AM to 11:20AM,NTDP B155,"Wang,Haili"
CSCE5200_003,Information Retrieval and Web Search,85,08/19/2024 - 12/13/2024,Tuesday,11:30AM to 2:20PM,NTDP B185,"Wang,Haili"
CSCE5200_006,Information Retrieval and Web Search,35,08/19/2024 - 12/13/2024,Saturday,11:30AM to 12:50PM,NTDP K110,"Mizaeinia,Amir"
CSCE5210_001,Fundamentals of Artificial Intelligence,67,08/19/2024 - 12/13/2024,Thursday,5:30PM to 8:20PM,NTDP K120,"Pears,Russel Lawrence"
CSCE5210_002,Fundamentals of Artificial Intelligence,87,08/19/2024 - 12/13/2024,Saturday,11:30AM to 2:20PM,NTDP K150,"Sarkar,Subharag"
CSCE5210_003,Fundamentals of Artificial Intelligence,60,08/19/2024 - 12/13/2024,Friday,5:30PM to 8:20PM,NTDP B155,"Shi,Weishi"
CSCE5210_004,Fundamentals of Artificial Intelligence,119,08/19/2024 - 12/13/2024,Monday Wednesday,5:00PM to 6:20PM,Env   125,"Eldow,Moawia"
CSCE5210_005,Fundamentals of Artificial Intelligence,75,08/19/2024 - 12/13/2024,Tuesday,5:30PM to 8:20PM,Env   110,"Bera,Tanmay"
CSCE5214_001,Software Development for Artificial Intelligence,48,08/19/2024 - 12/13/2024,Saturday,2:30PM to 5:20PM,NTDP K120,"Pears,Russel Lawrence"
CSCE5214_003,Software Development for Artificial Intelligence,80,08/19/2024 - 12/13/2024,Friday,2:30PM to 5:20PM,NTDP E266,"Ben othmane,Lotfi"
CSCE5214_004,Software Development for Artificial Intelligence,80,08/19/2024 - 12/13/2024,Friday,11:30AM to 2:20PM,NTDP E265,"Ben othmane,Lotfi"
CSCE5214_005,Software Development for Artificial Intelligence,77,08/19/2024 - 12/13/2024,Tuesday Thursday,7:00PM to 8:20PM,NTDP E266,"Tymoshchuk,Pavlo"
CSCE5215_001,Machine Learning,57,08/19/2024 - 12/13/2024,Tuesday Thursday,10:00AM to 11:20AM,NTDP K150,"Cui,Xinrui"
CSCE5215_002,Machine Learning,60,08/19/2024 - 12/13/2024,Friday,11:30AM to 2:20PM,NTDP B185,"Sarkar,Subharag"
CSCE5215_003,Machine Learning,65,08/19/2024 - 12/13/2024,Wednesday,2:30PM to 5:20PM,NTDP K120,"Rattani,Ajita"
CSCE5215_004,Machine Learning,65,08/19/2024 - 12/13/2024,Tuesday,5:30PM to 8:20PM,NTDP B185,"Tariq,Zeenat"
CSCE5215_005,Machine Learning,34,08/19/2024 - 12/13/2024,Friday,2:30PM to 5:20PM,NTDP B155,"Pears,Russel Lawrence"
CSCE5215_600,Machine Learning,2,08/19/2024 - 12/13/2024,Tuesday Thursday,10:00AM to 11:20AM,NTDP K150,"Cui,Xinrui"
CSCE5218_001,Deep Learning,80,08/19/2024 - 12/13/2024,Tuesday,5:30PM to 8:20PM,NTDP E265,"Shu,Tong"
CSCE5222_001,Feature Engineering,41,08/19/2024 - 12/13/2024,Tuesday Thursday,5:30PM to 6:50PM,LIFE A106,"Yuan,Xiaohui"
CSCE5222_002,Feature Engineering,71,08/19/2024 - 12/13/2024,Saturday,8:30AM to 11:20AM,NTDP E264,"Shah,Sayed Khushal"
CSCE5250_001,Introduction to Game Programming,4,08/19/2024 - 12/13/2024,Monday,7:00PM to 8:50PM,NTDP E265,"Doran,Jonathon"
CSCE5255_001,Programming Math and Physics for Games,0,08/19/2024 - 12/13/2024,Tuesday Thursday,8:30AM to 9:50AM,NTDP F204,"Doran,Jonathon"
CSCE5280_001,AI for Wearables and Healthcare,27,08/19/2024 - 12/13/2024,Tuesday Thursday,2:30PM to 3:50PM,NTDP D201,"Albert,Mark Vincent"
CSCE5290_001,Natural Language Processing,41,08/19/2024 - 12/13/2024,Friday,2:30PM to 5:20PM,NTDP D201,"Hartmann,Frederik"
CSCE5290_002,Natural Language Processing,40,08/19/2024 - 12/13/2024,Wednesday,5:30PM to 8:20PM,NTDP B192,"Tariq,Zeenat"
CSCE5290_003,Natural Language Processing,70,08/19/2024 - 12/13/2024,Monday,4:00PM to 6:50PM,LIFE A304,"Tariq,Zeenat"
CSCE5290_004,Natural Language Processing,59,08/19/2024 - 12/13/2024,Friday,2:30PM to 5:20PM,NTDP K110,"Murali,Beddhu"
CSCE5290_005,Natural Language Processing,13,08/19/2024 - 12/13/2024,Tuesday,5:30PM to 8:20PM,NTDP K120,"Ray choudhury,Sagnik"
CSCE5300_001,Introduction to Big Data and Data Science,80,08/19/2024 - 12/13/2024,Saturday,2:30PM to 5:20PM,NTDP K150,"Tariq,Zeenat"
CSCE5300_002,Introduction to Big Data and Data Science,80,08/19/2024 - 12/13/2024,Saturday,5:30PM to 8:20PM,NTDP B185,"Tymoshchuk,Pavlo"
CSCE5300_003,Introduction to Big Data and Data Science,80,08/19/2024 - 12/13/2024,Saturday,11:30AM to 2:20PM,NTDP E264,"Tymoshchuk,Pavlo"
CSCE5300_004,Introduction to Big Data and Data Science,80,08/19/2024 - 12/13/2024,Friday,5:30PM to 8:20PM,NTDP E264,"Tymoshchuk,Pavlo"
CSCE5300_005,Introduction to Big Data and Data Science,80,08/19/2024 - 12/13/2024,Thursday,2:30PM to 5:20PM,NTDP E264,"Feng,Yunhe"
CSCE5300_006,Introduction to Big Data and Data Science,120,08/19/2024 - 12/13/2024,Monday,2:30PM to 5:20PM,NTDP K150,"Vadapalli,Ravi Kumar"
CSCE5300_007,Introduction to Big Data and Data Science,80,08/19/2024 - 12/13/2024,Wednesday,8:30AM to 11:20AM,NTDP B185,"Tariq,Zeenat"
CSCE5310_002,Methods in Empirical Analysis,75,08/19/2024 - 12/13/2024,Friday,2:30PM to 5:20PM,NTDP B185,"Shah,Sayed Khushal"
CSCE5310_003,Methods in Empirical Analysis,31,08/19/2024 - 12/13/2024,Friday,10:00AM to 12:50PM,NTDP E264,"Mizaeinia,Amir"
CSCE5310_004,Methods in Empirical Analysis,30,08/19/2024 - 12/13/2024,Tuesday,5:30PM to 8:20PM,CHEM  109,"Mizaeinia,Amir"
CSCE5320_001,Scientific Data Visualization,29,08/19/2024 - 12/13/2024,Monday Wednesday,1:00PM to 2:20PM,NTDP E265,"Shah,Sayed Khushal"
CSCE5320_002,Scientific Data Visualization,67,08/19/2024 - 12/13/2024,Friday,8:30AM to 11:20AM,NTDP K110,"Shah,Sayed Khushal"
CSCE5320_003,Scientific Data Visualization,71,08/19/2024 - 12/13/2024,Monday,5:30PM to 8:20PM,NTDP K150,"Pedram,Mahdi"
CSCE5320_004,Scientific Data Visualization,75,08/19/2024 - 12/13/2024,Thursday,5:30PM to 8:20PM,NTDP E265,"Shah,Sayed Khushal"
CSCE5350_001,Fundamentals of Database Systems,86,08/19/2024 - 12/13/2024,Tuesday Thursday,11:30AM to 12:50PM,NTDP B155,"Oh,Junghwan"
CSCE5350_004,Fundamentals of Database Systems,110,08/19/2024 - 12/13/2024,Wednesday,2:30PM to 5:20PM,NTDP K150,"Dinayadura,Nirosha"
CSCE5370_001,Distributed & Parallel Database Systems,51,08/19/2024 - 12/13/2024,Friday,8:30AM to 11:20AM,NTDP E266,"Kumara,Muthukudage Jayantha"
CSCE5370_002,Distributed & Parallel Database Systems,54,08/19/2024 - 12/13/2024,Thursday,5:30PM to 8:20PM,NTDP K110,"Kumara,Muthukudage Jayantha"
CSCE5380_001,Data Mining,80,08/19/2024 - 12/13/2024,Friday,11:30AM to 2:20PM,NTDP E266,"Yuan,Jing"
CSCE5390_001,Multimedia Computing,57,08/19/2024 - 12/13/2024,Tuesday Thursday,5:30PM to 6:50PM,NTDP E266,"Oh,Junghwan"
CSCE5400_001,"Formal Languages, Automata and Computability",80,08/19/2024 - 12/13/2024,Monday,8:30AM to 11:20AM,NTDP E264,"Mokarram dorri,Bahareh"
CSCE5430_001,Software Engineering,93,08/19/2024 - 12/13/2024,Saturday,8:30AM to 11:20AM,NTDP K120,"Aljedaani Sr.,Wajdi Mohammed"
CSCE5430_005,Software Engineering,53,08/19/2024 - 12/13/2024,Thursday,5:30PM to 8:20PM,NTDP B185,"Amini salehi,Mohsen"
CSCE5430_007,Software Engineering,80,08/19/2024 - 12/13/2024,Thursday,2:30PM to 5:20PM,NTDP K150,"Ben othmane,Lotfi"
CSCE5430_010,Software Engineering,80,08/19/2024 - 12/13/2024,Wednesday,5:30PM to 8:20PM,NTDP E264,"Aljedaani Sr.,Wajdi Mohammed"
CSCE5520_001,Wireless Networks and Protocols,130,08/19/2024 - 12/13/2024,Monday,5:30PM to 8:20PM,NTDP B185,"Baba,Asif Iqbal"
CSCE5520_002,Wireless Networks and Protocols,75,08/19/2024 - 12/13/2024,Tuesday Thursday,11:30AM to 12:50PM,NTDP K120,"Yang,Qing"
CSCE5520_003,Wireless Networks and Protocols,80,08/19/2024 - 12/13/2024,Wednesday,5:30PM to 8:20PM,NTDP E266,"Baba,Asif Iqbal"
CSCE5520_004,Wireless Networks and Protocols,80,08/19/2024 - 12/13/2024,Friday,8:30AM to 11:20AM,NTDP E265,"Baba,Asif Iqbal"
CSCE5550_001,Introduction to Computer Security,60,08/19/2024 - 12/13/2024,Tuesday Thursday,2:30PM to 3:50PM,NTDP B185,"Morozov,Kirill"
CSCE5550_002,Introduction to Computer Security,26,08/19/2024 - 12/13/2024,Friday,5:30PM to 8:20PM,NTDP K110,"Tunc,Cihan"
CSCE5550_600,Introduction to Computer Security,4,08/19/2024 - 12/13/2024,Tuesday Thursday,2:30PM to 3:50PM,NTDP B185,"Morozov,Kirill"
CSCE5552_001,Cybersecurity Essentials,46,08/19/2024 - 12/13/2024,Friday,2:30PM to 5:20PM,NTDP B190,"Zarafshani,Ali"
CSCE5552_002,Cybersecurity Essentials,24,08/19/2024 - 12/13/2024,Wednesday,4:00PM to 6:50PM,NTDP B142,"Hou,Tao"
CSCE5555_002,Computer Forensics,21,08/19/2024 - 12/13/2024,Friday,8:30AM to 11:20AM,NTDP B155,"Frenzel,Ervin H"
CSCE5555_203,Computer Forensics,18,08/19/2024 - 12/13/2024,Friday,12:00PM to 12:50PM,NTDP B140,"Frenzel,Ervin H"
CSCE5555_204,Computer Forensics,3,08/19/2024 - 12/13/2024,Friday,1:00PM to 1:50PM,NTDP B140,"Frenzel,Ervin H"
CSCE5560_001,Secure Electronic Commerce,37,08/19/2024 - 12/13/2024,Monday,2:30PM to 5:20PM,NTDP E266,"Zarafshani,Ali"
CSCE5560_002,Secure Electronic Commerce,38,08/19/2024 - 12/13/2024,Wednesday,2:30PM to 5:20PM,NTDP E266,"Zarafshani,Ali"
CSCE5565_001,Secure Software Development,16,08/19/2024 - 12/13/2024,Wednesday,8:30AM to 11:20AM,NTDP F243,"Ben othmane,Lotfi"
CSCE5565_003,Secure Software Development,22,08/19/2024 - 12/13/2024,Tuesday,5:30PM to 8:20PM,NTDP B155,"Ben othmane,Lotfi"
CSCE5575_001,Blockchain and Applications,21,08/19/2024 - 12/13/2024,Monday,5:30PM to 8:20PM,NTDP B155,"Murali,Beddhu"
CSCE5575_201,Blockchain and Applications,5,08/19/2024 - 12/13/2024,Monday,11:30AM to 12:20PM,NTDP F218,"Murali,Beddhu"
CSCE5575_202,Blockchain and Applications,16,08/19/2024 - 12/13/2024,Monday,12:30PM to 1:20PM,NTDP F210,"Murali,Beddhu"
CSCE5580_002,Computer Networks,66,08/19/2024 - 12/13/2024,Friday,2:30PM to 5:20PM,NTDP K120,"Mizaeinia,Amir"
CSCE5580_004,Computer Networks,65,08/19/2024 - 12/13/2024,Friday,2:30PM to 5:20PM,NTDP E265,"Qiu,Chenxi"
CSCE5580_005,Computer Networks,19,08/19/2024 - 12/13/2024,Tuesday Thursday,4:00PM to 5:20PM,NTDP E266,"Wang,Tao"
CSCE5585_001,Advanced Network Security,28,08/19/2024 - 12/13/2024,Friday,11:30AM to 2:20PM,NTDP K110,"Zarafshani,Ali"
CSCE5610_001,Computer System Architecture,56,08/19/2024 - 12/13/2024,Tuesday Thursday,11:30AM to 12:50PM,NTDP D201,"Jiang,Beilei"
CSCE5610_002,Computer System Architecture,80,08/19/2024 - 12/13/2024,Monday Wednesday,8:30AM to 9:50AM,NTDP K150,"Jiang,Beilei"
CSCE5610_003,Computer System Architecture,67,08/19/2024 - 12/13/2024,Tuesday Thursday,1:00PM to 2:20PM,NTDP K110,"Jiang,Beilei"
CSCE5620_001,Real-Time Operating Systems,57,08/19/2024 - 12/13/2024,Tuesday Thursday,2:30PM to 3:50PM,NTDP E265,"Jiang,Beilei"
CSCE5620_002,Real-Time Operating Systems,34,08/19/2024 - 12/13/2024,Monday Wednesday,1:00PM to 2:20PM,NTDP B185,"Fu,Song"
CSCE5640_001,Operating System Design,94,08/19/2024 - 12/13/2024,Saturday,11:30AM to 2:20PM,NTDP K120,"Maharjan,Amar"
CSCE5640_003,Operating System Design,80,08/19/2024 - 12/13/2024,Monday,5:30PM to 8:20PM,NTDP E266,"Maharjan,Amar"
CSCE5640_004,Operating System Design,82,08/19/2024 - 12/13/2024,Thursday,11:30AM to 2:20PM,NTDP K150,"Li,Yuan"
CSCE5730_001,Digital CMOS VLSI Design,45,08/19/2024 - 12/13/2024,Monday Wednesday,4:00PM to 5:20PM,NTDP D201,"Mohanty,Saraju"
CSCE5810_001,Bioinformatics Algorithms,1,08/19/2024 - 12/13/2024,Monday Wednesday,10:00AM to 11:20AM,NTDP  D207A,"Al Olaimat,Mohammad"
CSCE5900_001,Special Problems,101,08/19/2024 - 12/13/2024,Tuesday,11:30AM to 12:50PM,NTDP K150,"Albert,Mark Vincent"
CSCE6280_002,Advanced Topics in Artificial Intelligence,18,08/19/2024 - 12/13/2024,Friday,11:00AM to 1:50PM,NTDP B190,"Fan,Heng"
CSCE6585_001,Advanced Topics in Network Security,8,08/19/2024 - 12/13/2024,Tuesday,5:30PM to 8:20PM,NTDP B140,"Dantu,Ram"
CSCE6810_001,Advanced Topics in Computational Life Science,2,08/19/2024 - 12/13/2024,Thursday,6:30PM to 9:20PM,Env   120,"Azad,Rajeev Kumar"
EENG1910_001,Introduction to Electrical Engineering,47,08/19/2024 - 12/13/2024,Thursday,5:30PM to 8:20PM,NTDP B227,"Ayeh,Eric Koudjo Senyo"
EENG1910_002,Introduction to Electrical Engineering,42,08/19/2024 - 12/13/2024,Wednesday,5:30PM to 8:20PM,NTDP B227,"Fu,Shengli"
EENG2610_001,Circuit Analysis,40,08/19/2024 - 12/13/2024,Monday Wednesday,2:30PM to 3:50PM,NTDP B142,"Munoz-coreas,Edgard Ennio"
EENG2610_002,Circuit Analysis,39,08/19/2024 - 12/13/2024,Tuesday Thursday,2:30PM to 3:50PM,NTDP E266,"Rohani,Shahram D"
EENG2610_003,Circuit Analysis,51,08/19/2024 - 12/13/2024,Tuesday Thursday,11:30AM to 12:50PM,NTDP E266,"Park,Hyusim"
EENG2611_001,Circuit Analysis Lab,33,08/19/2024 - 12/13/2024,Monday,5:30PM to 8:20PM,NTDP B207,"Siu,King man"
EENG2611_002,Circuit Analysis Lab,21,08/19/2024 - 12/13/2024,Friday,10:00AM to 12:50PM,NTDP B207,"Siu,King man"
EENG2611_003,Circuit Analysis Lab,29,08/19/2024 - 12/13/2024,Monday,10:00AM to 12:50PM,NTDP B207,"Siu,King man"
EENG2620_001,Signals and Systems,51,08/19/2024 - 12/13/2024,Tuesday Thursday,11:30AM to 12:50PM,NTDP K110,"Wei,Yusheng"
EENG2621_001,Signals and Systems Lab,47,08/19/2024 - 12/13/2024,Tuesday,5:30PM to 8:20PM,NTDP B227,"Wei,Yusheng"
EENG2710_001,Digital Logic Design,80,08/19/2024 - 12/13/2024,Monday Wednesday,2:30PM to 3:50PM,NTDP E265,"Polson,John Thomas"
EENG2710_002,Digital Logic Design,56,08/19/2024 - 12/13/2024,Tuesday Thursday,10:00AM to 11:20AM,NTDP D201,"Derryberry,Roy Thomas"
EENG2710_003,Digital Logic Design,56,08/19/2024 - 12/13/2024,Monday Wednesday,1:00PM to 2:20PM,NTDP D201,"Zhan,Lei"
EENG2710_004,Digital Logic Design,56,08/19/2024 - 12/13/2024,Thursday,5:30PM to 8:20PM,NTDP D201,"Rohani,Shahram D"
EENG2710_005,Digital Logic Design,60,08/19/2024 - 12/13/2024,Monday Wednesday,4:00PM to 5:20PM,NTDP B140,"Zhan,Lei"
EENG2711_001,Digital Logic Design Lab,30,08/19/2024 - 12/13/2024,Wednesday,5:30PM to 8:20PM,NTDP B288,"Kougianos,Elias"
EENG2711_002,Digital Logic Design Lab,30,08/19/2024 - 12/13/2024,Tuesday,5:30PM to 8:20PM,NTDP B288,"Kougianos,Elias"
EENG2711_003,Digital Logic Design Lab,21,08/19/2024 - 12/13/2024,Monday,10:00AM to 12:50PM,NTDP B288,"Kougianos,Elias"
EENG2711_004,Digital Logic Design Lab,22,08/19/2024 - 12/13/2024,Wednesday,10:00AM to 12:50PM,NTDP B207,"Kougianos,Elias"
EENG2905_001,Engineering Tools,33,08/19/2024 - 12/13/2024,Tuesday Thursday,4:00PM to 5:20PM,NTDP B227,"Bailey,Colleen Paige"
EENG2920_001,Analog and Digital Circuit Design Project,32,08/19/2024 - 12/13/2024,Wednesday,1:00PM to 3:50PM,NTDP B207,"Acevedo,Miguel F"
EENG3410_001,Engineering Electromagnetics,33,08/19/2024 - 12/13/2024,Tuesday Thursday,1:00PM to 2:20PM,NTDP B190,"An,Sensong"
EENG3411_001,Engineering Electromagnetics Lab,31,08/19/2024 - 12/13/2024,Monday,5:30PM to 8:20PM,NTDP B288,"An,Sensong"
EENG3510_001,Electronics I (Devices and Materials),55,08/19/2024 - 12/13/2024,Tuesday Thursday,2:30PM to 3:50PM,NTDP B227,"Kim,Jungkwun"
EENG3511_001,Electronics I Lab,32,08/19/2024 - 12/13/2024,Wednesday,10:00AM to 12:50PM,NTDP B288,"Kim,Jungkwun"
EENG3520_001,Electronics II,27,08/19/2024 - 12/13/2024,Monday Wednesday,11:30AM to 12:50PM,NTDP D201,"Wang,Shuping"
EENG3710_001,Computer Organization,20,08/19/2024 - 12/13/2024,Monday Wednesday,10:00AM to 11:20AM,NTDP B142,"Guturu,Parthasarathy"
EENG3810_001,Communications Systems,27,08/19/2024 - 12/13/2024,Tuesday Thursday,2:30PM to 3:50PM,NTDP B140,"Namuduri,Kamesh"
EENG3811_001,Communication Systems Lab,28,08/19/2024 - 12/13/2024,Monday,5:30PM to 8:20PM,NTDP B227,"Namuduri,Kamesh"
EENG3910_001,Embedded System Design Project,21,08/19/2024 - 12/13/2024,Monday,1:00PM to 3:50PM,NTDP B288,"Li,Xinrong"
EENG3920_001,Modern Communication System Design Project,29,08/19/2024 - 12/13/2024,Thursday,10:00AM to 12:50PM,NTDP B288,"Wang,Shuping"
EENG4010_007,Topics in Electrical Engineering,3,08/19/2024 - 12/13/2024,Tuesday Thursday,2:30PM to 3:50PM,NTDP K120,"Wang,Shuping"
EENG4310_001,Control Systems Design,14,08/19/2024 - 12/13/2024,Tuesday Thursday,1:00PM to 2:20PM,NTDP E265,"Guturu,Parthasarathy"
EENG4350_001,Renewable Electrical Power Systems,14,08/19/2024 - 12/13/2024,Monday Wednesday,10:00AM to 11:20AM,NTDP B227,"Acevedo,Miguel F"
EENG4510_001,Digital Communications,7,08/19/2024 - 12/13/2024,Tuesday Thursday,1:00PM to 2:20PM,NTDP B227,"Derryberry,Roy Thomas"
EENG4580_001,Power Electronics,19,08/19/2024 - 12/13/2024,Tuesday Thursday,11:30AM to 12:50PM,NTDP B190,"Siu,King man"
EENG4610_001,Digital Signal Processing,0,08/19/2024 - 12/13/2024,Monday Wednesday,10:00AM to 11:20AM,NTDP E265,"Derryberry,Roy Thomas"
EENG4710_001,VLSI Design,19,08/19/2024 - 12/13/2024,Monday Wednesday,11:30AM to 12:50PM,NTDP B227,"Mehta,Gayatri"
EENG4740_001,Digital Circuit Design Techniques,10,08/19/2024 - 12/13/2024,Tuesday Thursday,4:00PM to 5:20PM,NTDP B140,"Kougianos,Elias"
EENG4850_001,Computer Vision & Image Analysis,18,08/19/2024 - 12/13/2024,Monday Wednesday,4:00PM to 5:20PM,NTDP E265,"Guturu,Parthasarathy"
EENG4910_001,Senior Design I,31,08/19/2024 - 12/13/2024,Monday,2:30PM to 3:50PM,NTDP B242,"Mehta,Gayatri"
EENG4990_001,Senior Design II,10,08/19/2024 - 12/13/2024,Wednesday,2:30PM to 3:50PM,NTDP B242,"Fu,Shengli"
EENG5310_001,Control Systems Design,16,08/19/2024 - 12/13/2024,Tuesday Thursday,1:00PM to 2:20PM,NTDP E265,"Guturu,Parthasarathy"
EENG5310_605,Control Systems Design,1,08/19/2024 - 12/13/2024,Tuesday Thursday,1:00PM to 2:20PM,NTDP E265,"Guturu,Parthasarathy"
EENG5350_001,Renewable Electrical Power Systems,5,08/19/2024 - 12/13/2024,Monday Wednesday,10:00AM to 11:20AM,NTDP B227,"Acevedo,Miguel F"
EENG5540_001,Digital Integrated Circuit Design,24,08/19/2024 - 12/13/2024,Monday Wednesday,11:30AM to 12:50PM,NTDP B227,"Mehta,Gayatri"
EENG5540_600,Digital Integrated Circuit Design,1,08/19/2024 - 12/13/2024,Monday Wednesday,11:30AM to 12:50PM,NTDP B227,"Mehta,Gayatri"
EENG5580_001,Power Electronics,23,08/19/2024 - 12/13/2024,Tuesday Thursday,11:30AM to 12:50PM,NTDP B190,"Siu,King man"
EENG5580_600,Power Electronics,2,08/19/2024 - 12/13/2024,Tuesday Thursday,11:30AM to 12:50PM,NTDP B190,"Siu,King man"
EENG5610_001,Digital Signal Processing,6,08/19/2024 - 12/13/2024,Monday Wednesday,10:00AM to 11:20AM,NTDP E265,"Derryberry,Roy Thomas"
EENG5610_600,Digital Signal Processing,0,08/19/2024 - 12/13/2024,Monday Wednesday,10:00AM to 11:20AM,NTDP E265,"Derryberry,Roy Thomas"
EENG5640_001,Computer Vision and Image Analysis,46,08/19/2024 - 12/13/2024,Monday Wednesday,4:00PM to 5:20PM,NTDP E265,"Guturu,Parthasarathy"
EENG5640_600,Computer Vision and Image Analysis,3,08/19/2024 - 12/13/2024,Monday Wednesday,4:00PM to 5:20PM,NTDP E265,"Guturu,Parthasarathy"
EENG5810_001,Digital Communications,19,08/19/2024 - 12/13/2024,Tuesday Thursday,1:00PM to 2:20PM,NTDP B227,"Derryberry,Roy Thomas"
EENG5940_007,Advanced Topics in Electrical Engineering,23,08/19/2024 - 12/13/2024,Tuesday Thursday,2:30PM to 3:50PM,NTDP K120,"Wang,Shuping"
EENG5940_011,Advanced Topics in Electrical Engineering,20,08/19/2024 - 12/13/2024,Tuesday Thursday,4:00PM to 5:20PM,NTDP B140,"Kougianos,Elias"
MEEN1000_001,Discover Mechanical and Energy Engineering,59,08/19/2024 - 12/13/2024,Monday Wednesday,8:30AM to 9:20AM,NTDP E266,"Nazarian,Ramon"
MEEN2110_002,Engineering Data Analysis,66,08/19/2024 - 12/13/2024,Monday Wednesday,2:30PM to 3:50PM,NTDP F175,"Shi,Sheldon Qiang"
MEEN2210_001,Thermodynamics I,48,08/19/2024 - 12/13/2024,Tuesday Thursday,4:00PM to 5:20PM,NTDP F175,"Choi,Tae-Youl"
MEEN2240_001,Programming for Mechanical Engineers,30,08/19/2024 - 12/13/2024,Tuesday Thursday,1:00PM to 2:20PM,NTDP B140,"Xu,Yunwei"
MEEN2240_002,Programming for Mechanical Engineers,24,08/19/2024 - 12/13/2024,Monday Wednesday,1:00PM to 2:20PM,NTDP F185,"Xu,Yunwei"
MEEN3100_003,Manufacturing Processes,50,08/19/2024 - 12/13/2024,Tuesday,8:30AM to 10:20AM,NTDP B155,"Wasikowski,Mark Edward"
MEEN3100_308,Manufacturing Processes,14,08/19/2024 - 12/13/2024,Wednesday,2:30PM to 5:20PM,NTDP F162,"Wasikowski,Mark Edward"
MEEN3100_309,Manufacturing Processes,13,08/19/2024 - 12/13/2024,Thursday,10:00AM to 12:50PM,NTDP F162,"Wasikowski,Mark Edward"
MEEN3100_311,Manufacturing Processes,12,08/19/2024 - 12/13/2024,Wednesday,8:30AM to 11:20AM,NTDP F162,"Wasikowski,Mark Edward"
MEEN3100_312,Manufacturing Processes,11,08/19/2024 - 12/13/2024,Monday,10:00AM to 12:50PM,NTDP F162,"Wasikowski,Mark Edward"
MEEN3110_002,Thermodynamics II,49,08/19/2024 - 12/13/2024,Monday Wednesday Friday,1:30PM to 2:20PM,NTDP F183,"Li,Xiaohua"
MEEN3120_002,Fluid Mechanics,48,08/19/2024 - 12/13/2024,Tuesday Thursday,8:30AM to 9:50AM,NTDP B190,"Sadat,Hamid"
MEEN3130_001,Machine Elements,26,08/19/2024 - 12/13/2024,Tuesday Thursday,8:30AM to 9:50AM,NTDP F175,"Qandil,Hassan"
MEEN3210_001,Heat Transfer,19,08/19/2024 - 12/13/2024,Monday Wednesday,10:00AM to 11:20AM,NTDP F187,"Manzo,Maurizio"
MEEN3230_001,System Dynamics & Control,20,08/19/2024 - 12/13/2024,Tuesday Thursday,2:30PM to 3:50PM,NTDP F183,"Wasikowski,Mark Edward"
MEEN3240_002,Mechanical and Energy Engineering Laboratory I,47,08/19/2024 - 12/13/2024,Friday,9:00AM to 9:50AM,NTDP E264,"Li,Xiaohua"
MEEN3240_304,Mechanical and Energy Engineering Laboratory I,19,08/19/2024 - 12/13/2024,Thursday,2:30PM to 5:20PM,NTDP  F158,"Li,Xiaohua"
MEEN3240_306,Mechanical and Energy Engineering Laboratory I,20,08/19/2024 - 12/13/2024,Tuesday,12:30PM to 3:20PM,NTDP  F158,"Li,Xiaohua"
MEEN3240_307,Mechanical and Energy Engineering Laboratory I,8,08/19/2024 - 12/13/2024,Friday,2:30PM to 5:20PM,NTDP  F158,"Li,Xiaohua"
MEEN3242_003,Mechanical and Energy Engineering Laboratory II,18,08/19/2024 - 12/13/2024,Friday,11:30AM to 12:20PM,NTDP D202,"Zhang,Zihao"
MEEN3242_302,Mechanical and Energy Engineering Laboratory II,8,08/19/2024 - 12/13/2024,Thursday,5:30PM to 8:20PM,NTDP  F158,"Zhang,Zihao"
MEEN3242_308,Mechanical and Energy Engineering Laboratory II,9,08/19/2024 - 12/13/2024,Thursday,9:30AM to 12:20PM,NTDP  F158,"Zhang,Zihao"
MEEN3242_309,Mechanical and Energy Engineering Laboratory II,1,08/19/2024 - 12/13/2024,Monday,12:00PM to 2:50PM,NTDP  F158,"Zhang,Zihao"
MEEN3250_003,Numerical Methods for MEE Engineers,52,08/19/2024 - 12/13/2024,Monday Wednesday,11:30AM to 12:50PM,NTDP F185,"Xu,Yunwei"
MEEN4140_001,Finite Element Analysis,36,08/19/2024 - 12/13/2024,Tuesday Thursday,11:30AM to 12:50PM,NTDP B142,"Xu,Yunwei"
MEEN4140_101,Finite Element Analysis,36,08/19/2024 - 12/13/2024,Friday,10:00AM to 12:50PM,NTDP F185,"Xu,Yunwei"
MEEN4150_002,Mechanical Energy Engineering Systems Design I,59,08/19/2024 - 12/13/2024,Tuesday Thursday,4:00PM to 5:20PM,NTDP B185,"Qandil,Hassan"
MEEN4150_301,Mechanical Energy Engineering Systems Design I,10,08/19/2024 - 12/13/2024,Saturday,8:00AM to 10:50AM,NTDP D202,"Qandil,Hassan"
MEEN4150_302,Mechanical Energy Engineering Systems Design I,12,08/19/2024 - 12/13/2024,Saturday,8:00AM to 10:50AM,NTDP D212,"Qandil,Hassan"
MEEN4150_303,Mechanical Energy Engineering Systems Design I,25,08/19/2024 - 12/13/2024,Saturday,11:00AM to 1:50PM,NTDP D212,"Qandil,Hassan"
MEEN4150_304,Mechanical Energy Engineering Systems Design I,9,08/19/2024 - 12/13/2024,Saturday,2:00PM to 4:50PM,NTDP D212,"Qandil,Hassan"
MEEN4150_305,Mechanical Energy Engineering Systems Design I,3,08/19/2024 - 12/13/2024,Saturday,5:00PM to 7:50PM,NTDP D212,"Qandil,Hassan"
MEEN4151_001,Manufacturing of Renewable Biocomposites for Light,25,08/19/2024 - 12/13/2024,Monday Wednesday,11:30AM to 12:50PM,NTDP B190,"Shi,Sheldon Qiang"
MEEN4160_001,Mechanical Vibrations,4,08/19/2024 - 12/13/2024,Tuesday Thursday,8:30AM to 9:50AM,NTDP D201,"Zhang,Haifeng"
MEEN4170_001,Advanced Solid Mechanics,4,08/19/2024 - 12/13/2024,Monday Wednesday,4:00PM to 5:20PM,NTDP B192,"Shen,Mo-how"
MEEN4250_001,Capstone Design in Mechanical and Energy Engineeri,34,08/19/2024 - 12/13/2024,Monday Wednesday,10:00AM to 11:20AM,NTDP E266,"Qandil,Hassan"
MEEN4250_301,Capstone Design in Mechanical and Energy Engineeri,20,08/19/2024 - 12/13/2024,Saturday,12:00PM to 2:50PM,NTDP D202,"Qandil,Hassan"
MEEN4250_303,Capstone Design in Mechanical and Energy Engineeri,10,08/19/2024 - 12/13/2024,Saturday,6:00PM to 8:50PM,NTDP D202,"Qandil,Hassan"
MEEN4250_305,Capstone Design in Mechanical and Energy Engineeri,4,08/19/2024 - 12/13/2024,Saturday,8:00AM to 10:50AM,NTDP D209A,"Qandil,Hassan"
MEEN4760_001,Introduction to Robotics and Automation,42,08/19/2024 - 12/13/2024,Monday Wednesday,1:00PM to 2:20PM,NTDP F175,"Wasikowski,Mark Edward"
MEEN4800_040,Topics in Mechanical & Energy Engineering,13,08/19/2024 - 12/13/2024,Thursday,5:30PM to 8:20PM,NTDP B142,"Yalamanchili,Rattaya Chowdhury"
MEEN4810_017,Topics in Mechanical & Energy Engineering,15,08/19/2024 - 12/13/2024,Monday Wednesday,2:30PM to 3:50PM,NTDP B157,"Prasad,Vish"
MEEN4810_050,Topics in Mechanical & Energy Engineering,33,08/19/2024 - 12/13/2024,Tuesday Thursday,2:30PM to 3:50PM,NTDP F175,"Choi,Tae-Youl"
MEEN5000_002,Energy : The Fundamentals,16,08/19/2024 - 12/13/2024,Monday Wednesday,2:30PM to 3:50PM,NTDP B157,"Prasad,Vish"
MEEN5151_001,Bioproducts Manufacturing,13,08/19/2024 - 12/13/2024,Monday Wednesday,11:30AM to 12:50PM,NTDP B190,"Shi,Sheldon Qiang"
MEEN5311_001,Convection Heat Transfer II,9,08/19/2024 - 12/13/2024,Monday Wednesday,11:30AM to 12:50PM,NTDP F119,"Prasad,Vish"
MEEN5410_001,Advanced Solid Mechanics,37,08/19/2024 - 12/13/2024,Monday Wednesday,4:00PM to 5:20PM,NTDP B192,"Shen,Mo-how"
MEEN5440_001,Finite Element Analysis,23,08/19/2024 - 12/13/2024,Tuesday Thursday,2:30PM to 3:50PM,NTDP F119,"Yu,Cheng"
MEEN5480_001,Energy Materials,3,08/19/2024 - 12/13/2024,Monday Wednesday,4:00PM to 5:20PM,NTDP F187,"Choi,Wonbong"
MEEN5520_001,Manufacturing Concepts for Mechanical Engineers,10,08/19/2024 - 12/13/2024,Tuesday Thursday,11:30AM to 12:50PM,NTDP F119,"Haridas,Ravi sankar"
MEEN5640_001,Applied Engineering Vibration,14,08/19/2024 - 12/13/2024,Tuesday Thursday,8:30AM to 9:50AM,NTDP D201,"Zhang,Haifeng"
MEEN5740_002,Robotics and Automation,2,08/19/2024 - 12/13/2024,Monday Wednesday,1:00PM to 2:20PM,NTDP F175,"Wasikowski,Mark Edward"
MEEN5800_041,Selected Topics of Contemporary Interest in Mechan,15,08/19/2024 - 12/13/2024,Thursday,5:30PM to 8:20PM,NTDP B142,"Yalamanchili,Rattaya Chowdhury"
MEEN5800_045,Selected Topics of Contemporary Interest in Mechan,2,08/19/2024 - 12/13/2024,Monday Wednesday,4:00PM to 5:20PM,NTDP F119,"John,Kuruvilla"
MEEN5800_050,Selected Topics of Contemporary Interest in Mechan,2,08/19/2024 - 12/13/2024,Tuesday Thursday,2:30PM to 3:50PM,NTDP F175,"Choi,Tae-Youl"
MEEN5940_001,Graduate Seminar in Mechanical and Energy Engineer,16,08/19/2024 - 12/13/2024,Wednesday,1:00PM to 2:00PM,NTDP F116,"Shen,Mo-how"
MTSE1100_004,"Discover How and Why Materials ""Matter""",33,08/19/2024 - 12/13/2024,Monday Wednesday Friday,1:30PM to 2:20PM,NTDP  D207A,"Reidy III,Rick F"
MTSE3000_001,Fundamentals of Materials Science and Engineering,11,08/19/2024 - 12/13/2024,Tuesday Thursday,2:30PM to 3:50PM,NTDP B190,"Young,Marcus Lynn"
MTSE3000_003,Fundamentals of Materials Science and Engineering,10,08/19/2024 - 12/13/2024,Monday Wednesday,2:30PM to 3:50PM,NTDP B190,"Aouadi,Samir M"
MTSE3000_006,Fundamentals of Materials Science and Engineering,16,08/19/2024 - 12/13/2024,Monday Wednesday,11:30AM to 12:50PM,NTDP B157,"Kaul,Anupama Bhat"
MTSE3003_001,Fundamentals of Materials Science and Engineering,14,08/19/2024 - 12/13/2024,Monday,2:30PM to 5:20PM,NTDP  D207A,"Berman,Diana"
MTSE3003_002,Fundamentals of Materials Science and Engineering,7,08/19/2024 - 12/13/2024,Tuesday,2:30PM to 5:20PM,NTDP  D207A,"Berman,Diana"
MTSE3010_007,Bonding and Structure,20,08/19/2024 - 12/13/2024,Tuesday Thursday,4:00PM to 5:20PM,NTDP B190,"Scharf,Thomas W"
MTSE3020_005,Microstructure and Characterization of Materials,12,08/19/2024 - 12/13/2024,Tuesday Thursday,2:30PM to 3:50PM,NTDP D202,"El Bouanani,Mohamed"
MTSE3030_010,Thermodynamics and Phase Diagrams,11,08/19/2024 - 12/13/2024,Monday Wednesday,9:30AM to 10:50AM,NTDP B157,"Du,Jincheng"
MTSE3040_003,Transport Phenomena in Materials,8,08/19/2024 - 12/13/2024,Tuesday Thursday,11:30AM to 12:50PM,NTDP B157,"Srivilliputhur,Srinivasan G."
MTSE3090_006,Materials Science and Engineering Laboratory I,8,08/19/2024 - 12/13/2024,Friday,9:30AM to 12:20PM,NTDP B158,"Li,Xiao"
MTSE4010_006,Physical Metallurgy,9,08/19/2024 - 12/13/2024,Tuesday Thursday,10:00AM to 11:20AM,NTDP D212,"Mukherjee,Sundeep"
MTSE4030_004,Ceramics Science and Engineering,7,08/19/2024 - 12/13/2024,Tuesday Thursday,8:30AM to 9:50AM,NTDP B157,"Reidy III,Rick F"
MTSE4060_010,Materials Science and Performance,16,08/19/2024 - 12/13/2024,Monday Wednesday,8:30AM to 9:50AM,NTDP B142,"Joshi,Sameehan Shrikant"
MTSE4090_008,Senior Design I,15,08/19/2024 - 12/13/2024,Tuesday Thursday,1:00PM to 2:20PM,NTDP B158,"Burford,Dwight Aaron"
MTSE5000_010,Thermodynamics of Materials,17,08/19/2024 - 12/13/2024,Monday Wednesday,10:00AM to 11:20AM,NTDP B158,None
MTSE5000_601,Thermodynamics of Materials,0,08/19/2024 - 12/13/2024,Monday Wednesday,10:00AM to 11:20AM,NTDP D202,"Srivilliputhur,Srinivasan G."
MTSE5010_007,"Bonding, Structure, and Crystallography",15,08/19/2024 - 12/13/2024,Tuesday Thursday,5:30PM to 6:50PM,NTDP B157,"Scharf,Thomas W"
MTSE5010_601,"Bonding, Structure, and Crystallography",1,08/19/2024 - 12/13/2024,Tuesday Thursday,5:30PM to 6:50PM,NTDP B157,"Scharf,Thomas W"
MTSE5100_001,Fundamental Concepts of Materials Science,4,08/19/2024 - 12/13/2024,Tuesday Thursday,2:30PM to 3:50PM,NTDP B190,"Young,Marcus Lynn"
MTSE5100_006,Fundamental Concepts of Materials Science,5,08/19/2024 - 12/13/2024,Monday Wednesday,11:30AM to 12:50PM,NTDP B157,"Kaul,Anupama Bhat"
MTSE5100_007,Fundamental Concepts of Materials Science,5,08/19/2024 - 12/13/2024,Monday Wednesday,2:30PM to 3:50PM,NTDP B190,"Aouadi,Samir M"
MTSE5200_018,Advanced Concepts of Metallurgical Science,5,08/19/2024 - 12/13/2024,Tuesday Thursday,10:00AM to 11:20AM,NTDP D212,"Mukherjee,Sundeep"
MTSE5200_618,Advanced Concepts of Metallurgical Science,9,08/19/2024 - 12/13/2024,Tuesday Thursday,10:00AM to 11:20AM,NTDP D212,"Mukherjee,Sundeep"
MTSE5300_004,Science and Technology of Modern Ceramics,4,08/19/2024 - 12/13/2024,Tuesday Thursday,8:30AM to 9:50AM,NTDP B157,"Reidy III,Rick F"
MTSE5300_602,Science and Technology of Modern Ceramics,9,08/19/2024 - 12/13/2024,Tuesday Thursday,8:30AM to 9:50AM,NTDP B157,"Reidy III,Rick F"
MTSE5600_005,Materials Characterization,10,08/19/2024 - 12/13/2024,Monday Wednesday,4:00PM to 5:20PM,NTDP D202,"El Bouanani,Mohamed"
MTSE5640_001,Additive Manufacturing: Processes and Materials Sc,25,08/19/2024 - 12/13/2024,Tuesday,2:30PM to 5:20PM,NTDP B158,"Banerjee,Raj"
MTSE5700_004,Seminar in Materials Science and Engineering,28,08/19/2024 - 12/13/2024,Friday,1:00PM to 2:00PM,NTDP K150,"Voevodin,Andrey"
MTSE6600_001,Transmission Electron Microscopy,11,08/19/2024 - 12/13/2024,Tuesday Thursday,1:00PM to 2:20PM,NTDP D202,"Zheng,Yufeng"
